<?xml version="1.0" encoding="UTF-8"?>
<!DOCTYPE hibernate-configuration PUBLIC
	"-//Hibernate/Hibernate Configuration DTD 3.0//EN"
	"http://www.hibernate.org/dtd/hibernate-configuration-3.0.dtd">
	
	<hibernate-configuration>
	<session-factory>
	<!-- DB Configuration -->
	
	<property name="connection.driver_class">com.mysql.jdbc.Driver</property> 
	<property name="connection.url">jdbc:mysql://localhost:3306/OneToMany</property>
	<property name="connection.username">root</property>
	<property name="connection.password">root</property>
	
	<!-- Dialect configuration -->
	
	<property name="dialect">org.hibernate.dialect.MySQLDialect</property>
	<property name="show_sql">true</property>
	<property name="hbm2ddl.auto">update</property>
	
	
	<!-- Mapping configuration -->
	
	<mapping class="com.jspiders.OneToMany.entity.Employee"/>
	<mapping class="com.jspiders.OneToMany.entity.Teamleader"/>
	
	</session-factory>
	</hibernate-configuration>